Matches_name,Player_Name,Runs,Balls,Fours,Sixes,SR
Biratnagar vs Janakpur - 1st Match,Lokesh Bam,5,6,1,0,83.33
Biratnagar vs Janakpur - 1st Match,Martin Guptill,55,43,7,1,127.9
Biratnagar vs Janakpur - 1st Match,Aqib Ilyas,15,18,1,0,83.33
Biratnagar vs Janakpur - 1st Match,Nicholas Kirton,9,13,1,0,69.23
Biratnagar vs Janakpur - 1st Match,Basir Ahamad,7,9,0,0,77.77
Biratnagar vs Janakpur - 1st Match,Rajesh Pulami,1,6,0,0,16.66
Biratnagar vs Janakpur - 1st Match,Pratis GC,2,3,0,0,66.66
Biratnagar vs Janakpur - 1st Match,Sandeep Lamichhane,7,4,0,1,175
Biratnagar vs Janakpur - 1st Match,Chris Sole,4,5,0,0,80
Biratnagar vs Janakpur - 1st Match,Jitendra Mukhiya,0,1,0,0,0
Biratnagar vs Janakpur - 1st Match,Anil Kharel,7,7,1,0,100
Biratnagar vs Janakpur - 1st Match,Anil Sah,5,4,0,0,125
Biratnagar vs Janakpur - 1st Match,Aasif Sheikh,0,3,0,0,0
Biratnagar vs Janakpur - 1st Match,Lahiru Milantha,75,53,9,3,141.5
Biratnagar vs Janakpur - 1st Match,Harsh Thaker,29,33,2,0,87.87
Biratnagar vs Janakpur - 1st Match,Lalit Rajbanshi,,,,,
Biratnagar vs Janakpur - 1st Match,Mohammad Mohsin,,,,,
Biratnagar vs Janakpur - 1st Match,Shubh Kansakar,,,,,
Biratnagar vs Janakpur - 1st Match,Tul Thapa,,,,,
Biratnagar vs Janakpur - 1st Match,Kishore Mahato,,,,,
Biratnagar vs Janakpur - 1st Match,Arniko Yadav,,,,,
Biratnagar vs Janakpur - 1st Match,Ben Mike,,,,,
Kathmandu vs Chitwan - 2nd Match,Stephen Eskinazi,2,4,0,0,50
Kathmandu vs Chitwan - 2nd Match,Michael Levitt,25,16,4,1,156.25
Kathmandu vs Chitwan - 2nd Match,Sumit Maharjan,29,41,1,0,70.73
Kathmandu vs Chitwan - 2nd Match,Gerhard Erasmus,4,4,1,0,100
Kathmandu vs Chitwan - 2nd Match,Bhim Sharki,1,4,0,0,25
Kathmandu vs Chitwan - 2nd Match,Shankar Rana,16,17,1,1,94.11
Kathmandu vs Chitwan - 2nd Match,Rashid Khan,4,9,0,0,44.44
Kathmandu vs Chitwan - 2nd Match,Dan Douthwaite,19,18,2,0,105.55
Kathmandu vs Chitwan - 2nd Match,Karan KC,1,2,0,0,50
Kathmandu vs Chitwan - 2nd Match,Shahab Alam,1,3,0,0,33.33
Kathmandu vs Chitwan - 2nd Match,Dipesh Kandel,1,2,0,0,50
Kathmandu vs Chitwan - 2nd Match,Hassan Eisakhil,12,7,1,1,171.42
Kathmandu vs Chitwan - 2nd Match,Deepak Bohara,7,7,0,1,100
Kathmandu vs Chitwan - 2nd Match,Luc Benkenstein,22,17,1,2,129.41
Kathmandu vs Chitwan - 2nd Match,Kushal Malla,11,11,1,0,100
Kathmandu vs Chitwan - 2nd Match,Ravi Bopara,11,9,2,0,122.22
Kathmandu vs Chitwan - 2nd Match,Santosh Karki,28,31,2,1,90.32
Kathmandu vs Chitwan - 2nd Match,Sharad Vesawkar,11,21,0,0,52.38
Kathmandu vs Chitwan - 2nd Match,Amar Routela,,,,,
Kathmandu vs Chitwan - 2nd Match,Rijan Dhakal,,,,,
Kathmandu vs Chitwan - 2nd Match,Bipin Rawal,,,,,
Kathmandu vs Chitwan - 2nd Match,Sohail Tanvir,,,,,
Karnali vs Janakpur - 3rd Match,Dev Khanal,1,5,0,0,20
Karnali vs Janakpur - 3rd Match,Shikhar Dhawan,14,14,3,0,100
Karnali vs Janakpur - 3rd Match,Chadwick Walton,8,12,1,0,66.66
Karnali vs Janakpur - 3rd Match,Babar Hayat,12,25,0,0,48
Karnali vs Janakpur - 3rd Match,Zeeshan Maqsood,0,2,0,0,0
Karnali vs Janakpur - 3rd Match,Gulsan Jha,36,27,1,3,133.33
Karnali vs Janakpur - 3rd Match,Arjun Gharti,33,22,2,2,150
Karnali vs Janakpur - 3rd Match,Sompal Kami,29,13,3,1,223.07
Karnali vs Janakpur - 3rd Match,Nandan Yadav,0,0,0,0,-
Karnali vs Janakpur - 3rd Match,Mousom Dhakal,,,,,
Karnali vs Janakpur - 3rd Match,Bhuvan Karki,,,,,
Karnali vs Janakpur - 3rd Match,Anil Sah,62,42,6,3,147.61
Karnali vs Janakpur - 3rd Match,Aasif Sheikh,36,29,2,2,124.13
Karnali vs Janakpur - 3rd Match,Lahiru Milantha,24,13,2,2,184.61
Karnali vs Janakpur - 3rd Match,James Neesham,16,8,2,1,200
Karnali vs Janakpur - 3rd Match,Lalit Rajbanshi,,,,,
Karnali vs Janakpur - 3rd Match,Mohammad Mohsin,,,,,
Karnali vs Janakpur - 3rd Match,Shubh Kansakar,,,,,
Karnali vs Janakpur - 3rd Match,Tul Thapa,,,,,
Karnali vs Janakpur - 3rd Match,Harsh Thaker,,,,,
Karnali vs Janakpur - 3rd Match,Sher Malla,,,,,
Karnali vs Janakpur - 3rd Match,Kishore Mahato,,,,,
S Paschim vs Biratnagar - 4th Match,Amit Shrestha,1,5,0,0,20
S Paschim vs Biratnagar - 4th Match,Binod Bhandari,23,20,4,0,115
S Paschim vs Biratnagar - 4th Match,Brandon McMullen,36,26,2,2,138.46
S Paschim vs Biratnagar - 4th Match,Aarif Sheikh,9,5,2,0,180
S Paschim vs Biratnagar - 4th Match,Saif Zaib,14,15,0,1,93.33
S Paschim vs Biratnagar - 4th Match,Ishan Pandey,21,16,2,1,131.25
S Paschim vs Biratnagar - 4th Match,Dipendra Singh Airee,57,24,3,5,237.5
S Paschim vs Biratnagar - 4th Match,Scott Kuggeleijn,10,6,2,0,166.66
S Paschim vs Biratnagar - 4th Match,Basant Khatri,4,3,0,0,133.33
S Paschim vs Biratnagar - 4th Match,Abinash Bohara,,,,,
S Paschim vs Biratnagar - 4th Match,Naresh Budayair,,,,,
S Paschim vs Biratnagar - 4th Match,Lokesh Bam,2,7,0,0,28.57
S Paschim vs Biratnagar - 4th Match,Martin Guptill,0,1,0,0,0
S Paschim vs Biratnagar - 4th Match,Nicholas Kirton,5,9,1,0,55.55
S Paschim vs Biratnagar - 4th Match,Rajesh Pulami,15,15,0,1,100
S Paschim vs Biratnagar - 4th Match,Basir Ahamad,24,28,2,0,85.71
S Paschim vs Biratnagar - 4th Match,Ismat Alam,6,4,1,0,150
S Paschim vs Biratnagar - 4th Match,Dipak Bohara,5,6,0,0,83.33
S Paschim vs Biratnagar - 4th Match,Pratis GC,1,3,0,0,33.33
S Paschim vs Biratnagar - 4th Match,Sandeep Lamichhane,8,6,1,0,133.33
S Paschim vs Biratnagar - 4th Match,Chris Sole,9,7,0,1,128.57
S Paschim vs Biratnagar - 4th Match,Anil Kharel,10,11,1,0,90.9
Chitwan vs Pokhara - 5th Match,Hassan Eisakhil,14,10,1,1,140
Chitwan vs Pokhara - 5th Match,Deepak Bohara,2,4,0,0,50
Chitwan vs Pokhara - 5th Match,Luc Benkenstein,16,13,1,2,123.07
Chitwan vs Pokhara - 5th Match,Kushal Malla,38,23,1,4,165.21
Chitwan vs Pokhara - 5th Match,Ravi Bopara,51,38,3,3,134.21
Chitwan vs Pokhara - 5th Match,Santosh Karki,11,13,0,0,84.61
Chitwan vs Pokhara - 5th Match,Sohail Tanvir,0,1,0,0,0
Chitwan vs Pokhara - 5th Match,Sharad Vesawkar,11,12,0,0,91.66
Chitwan vs Pokhara - 5th Match,Amar Routela,13,6,0,1,216.66
Chitwan vs Pokhara - 5th Match,Bipin Rawal,,,,,
Chitwan vs Pokhara - 5th Match,Rijan Dhakal,,,,,
Chitwan vs Pokhara - 5th Match,Kushal Bhurtel,0,1,0,0,0
Chitwan vs Pokhara - 5th Match,Dinesh Kharel,1,12,0,0,8.33
Chitwan vs Pokhara - 5th Match,Dilip Nath,4,4,1,0,100
Chitwan vs Pokhara - 5th Match,Bas de Leede,0,1,0,0,0
Chitwan vs Pokhara - 5th Match,Kiran Thagunna,1,2,0,0,50
Chitwan vs Pokhara - 5th Match,Raymon Reifer,1,9,0,0,11.11
Chitwan vs Pokhara - 5th Match,Michael Leask,0,2,0,0,0
Chitwan vs Pokhara - 5th Match,Matt Critchley,17,16,2,0,106.25
Chitwan vs Pokhara - 5th Match,Narayan Joshi,30,24,3,2,125
Chitwan vs Pokhara - 5th Match,Bipin Khatri,9,8,0,1,112.5
Chitwan vs Pokhara - 5th Match,Sagar Dhakal,0,1,0,0,0
Karnali vs Kathmandu - 6th Match,Dev Khanal,0,3,0,0,0
Karnali vs Kathmandu - 6th Match,Shikhar Dhawan,72,51,4,5,141.17
Karnali vs Kathmandu - 6th Match,Chadwick Walton,21,15,5,0,140
Karnali vs Kathmandu - 6th Match,Babar Hayat,13,18,0,1,72.22
Karnali vs Kathmandu - 6th Match,Gulsan Jha,12,19,1,0,63.15
Karnali vs Kathmandu - 6th Match,Arjun Gharti,4,3,1,0,133.33
Karnali vs Kathmandu - 6th Match,Zeeshan Maqsood,14,11,1,0,127.27
Karnali vs Kathmandu - 6th Match,Sompal Kami,,,,,
Karnali vs Kathmandu - 6th Match,Nandan Yadav,,,,,
Karnali vs Kathmandu - 6th Match,Bipin Sharma,,,,,
Karnali vs Kathmandu - 6th Match,Bhuvan Karki,,,,,
Karnali vs Kathmandu - 6th Match,Shankar Rana,6,7,1,0,85.71
Karnali vs Kathmandu - 6th Match,Michael Levitt,22,19,2,1,115.78
Karnali vs Kathmandu - 6th Match,Stephen Eskinazi,3,6,0,0,50
Karnali vs Kathmandu - 6th Match,Bhim Sharki,9,10,1,0,90
Karnali vs Kathmandu - 6th Match,Gerhard Erasmus,38,28,3,2,135.71
Karnali vs Kathmandu - 6th Match,Sumit Maharjan,40,37,3,1,108.1
Karnali vs Kathmandu - 6th Match,Karan KC,28,10,2,2,280
Karnali vs Kathmandu - 6th Match,Rashid Khan,0,0,0,0,-
Karnali vs Kathmandu - 6th Match,Shahab Alam,0,0,0,0,-
Karnali vs Kathmandu - 6th Match,Nathan Sowter,,,,,
Karnali vs Kathmandu - 6th Match,Dipesh Kandel,,,,,
Lumbini vs Biratnagar - 7th Match,Ashutosh Ghiraiya,15,13,2,1,115.38
Lumbini vs Biratnagar - 7th Match,Arjun Saud,17,19,3,0,89.47
Lumbini vs Biratnagar - 7th Match,Rohit Paudel,46,29,4,2,158.62
Lumbini vs Biratnagar - 7th Match,Tom Moores,30,17,1,3,176.47
Lumbini vs Biratnagar - 7th Match,Sundeep Jora,12,13,0,0,92.3
Lumbini vs Biratnagar - 7th Match,Saad Bin Zafar,15,13,0,1,115.38
Lumbini vs Biratnagar - 7th Match,Ben Cutting,6,6,1,0,100
Lumbini vs Biratnagar - 7th Match,Bibek Yadav,19,7,0,3,271.42
Lumbini vs Biratnagar - 7th Match,Ramon Simmonds,2,3,0,0,66.66
Lumbini vs Biratnagar - 7th Match,Durgesh Gupta,,,,,
Lumbini vs Biratnagar - 7th Match,Surya Tamang,,,,,
Lumbini vs Biratnagar - 7th Match,Lokesh Bam,71,47,3,6,151.06
Lumbini vs Biratnagar - 7th Match,Ismat Alam,0,3,0,0,0
Lumbini vs Biratnagar - 7th Match,Martin Guptill,28,17,6,0,164.7
Lumbini vs Biratnagar - 7th Match,Rajesh Pulami,4,10,0,0,40
Lumbini vs Biratnagar - 7th Match,Nicholas Kirton,0,1,0,0,0
Lumbini vs Biratnagar - 7th Match,Basir Ahamad,40,23,4,1,173.91
Lumbini vs Biratnagar - 7th Match,Dipak Bohara,9,8,0,0,112.5
Lumbini vs Biratnagar - 7th Match,Pratis GC,6,3,0,1,200
Lumbini vs Biratnagar - 7th Match,Sandeep Lamichhane,1,3,0,0,33.33
Lumbini vs Biratnagar - 7th Match,Chris Sole,14,4,2,1,350
Lumbini vs Biratnagar - 7th Match,Anil Kharel,,,,,
Pokhara vs Janakpur - 8th Match,Dinesh Kharel,10,17,0,1,58.82
Pokhara vs Janakpur - 8th Match,Andries Gous,20,16,3,1,125
Pokhara vs Janakpur - 8th Match,Kushal Bhurtel,6,6,1,0,100
Pokhara vs Janakpur - 8th Match,Dilip Nath,11,14,1,0,78.57
Pokhara vs Janakpur - 8th Match,Matt Critchley,35,30,3,1,116.66
Pokhara vs Janakpur - 8th Match,Raymon Reifer,17,20,1,0,85
Pokhara vs Janakpur - 8th Match,Michael Leask,25,13,0,3,192.3
Pokhara vs Janakpur - 8th Match,Narayan Joshi,5,3,0,0,166.66
Pokhara vs Janakpur - 8th Match,Bipin Khatri,1,1,0,0,100
Pokhara vs Janakpur - 8th Match,Aakash Chand,,,,,
Pokhara vs Janakpur - 8th Match,Sagar Dhakal,,,,,
Pokhara vs Janakpur - 8th Match,Anil Sah,1,3,0,0,33.33
Pokhara vs Janakpur - 8th Match,Aasif Sheikh,33,34,3,0,97.05
Pokhara vs Janakpur - 8th Match,Lahiru Milantha,45,32,8,0,140.62
Pokhara vs Janakpur - 8th Match,Harsh Thaker,13,14,1,0,92.85
Pokhara vs Janakpur - 8th Match,James Neesham,40,20,0,5,200
Pokhara vs Janakpur - 8th Match,Mohammad Mohsin,,,,,
Pokhara vs Janakpur - 8th Match,Shubh Kansakar,,,,,
Pokhara vs Janakpur - 8th Match,Tul Thapa,,,,,
Pokhara vs Janakpur - 8th Match,Lalit Rajbanshi,,,,,
Pokhara vs Janakpur - 8th Match,Hemant Dhami,,,,,
Pokhara vs Janakpur - 8th Match,Kishore Mahato,,,,,
S Paschim vs Kathmandu - 9th Match,Saif Zaib,11,9,1,0,122.22
S Paschim vs Kathmandu - 9th Match,Binod Bhandari,35,28,2,2,125
S Paschim vs Kathmandu - 9th Match,Brandon McMullen,53,36,3,4,147.22
S Paschim vs Kathmandu - 9th Match,Dipendra Singh Airee,43,25,3,2,172
S Paschim vs Kathmandu - 9th Match,Rohan Mustafa,4,7,0,0,57.14
S Paschim vs Kathmandu - 9th Match,Aarif Sheikh,3,3,0,0,100
S Paschim vs Kathmandu - 9th Match,Scott Kuggeleijn,7,7,0,0,100
S Paschim vs Kathmandu - 9th Match,Ishan Pandey,1,5,0,0,20
S Paschim vs Kathmandu - 9th Match,Naren Saud,,,,,
S Paschim vs Kathmandu - 9th Match,Abinash Bohara,,,,,
S Paschim vs Kathmandu - 9th Match,Naresh Budayair,,,,,
S Paschim vs Kathmandu - 9th Match,Michael Levitt,5,7,1,0,71.42
S Paschim vs Kathmandu - 9th Match,Shankar Rana,3,7,0,0,42.85
S Paschim vs Kathmandu - 9th Match,Stephen Eskinazi,37,33,5,1,112.12
S Paschim vs Kathmandu - 9th Match,Bhim Sharki,10,8,2,0,125
S Paschim vs Kathmandu - 9th Match,Gerhard Erasmus,10,5,1,1,200
S Paschim vs Kathmandu - 9th Match,Sumit Maharjan,14,10,2,0,140
S Paschim vs Kathmandu - 9th Match,Rashid Khan,2,10,0,0,20
S Paschim vs Kathmandu - 9th Match,Pratik Shrestha,8,6,0,1,133.33
S Paschim vs Kathmandu - 9th Match,Karan KC,1,5,0,0,20
S Paschim vs Kathmandu - 9th Match,Nathan Sowter,1,1,0,0,100
S Paschim vs Kathmandu - 9th Match,Shahab Alam,1,3,0,0,33.33
Chitwan vs Karnali - 10th Match,Luc Benkenstein,0,5,0,0,0
Chitwan vs Karnali - 10th Match,Deepak Bohara,8,8,1,0,100
Chitwan vs Karnali - 10th Match,Bipin Rawal,11,15,1,0,73.33
Chitwan vs Karnali - 10th Match,Ravi Bopara,59,40,7,1,147.5
Chitwan vs Karnali - 10th Match,Kushal Malla,23,27,2,1,85.18
Chitwan vs Karnali - 10th Match,Jan Nicol Loftie-Eaton,9,12,1,0,75
Chitwan vs Karnali - 10th Match,Sohail Tanvir,0,2,0,0,0
Chitwan vs Karnali - 10th Match,Amar Routela,9,8,0,1,112.5
Chitwan vs Karnali - 10th Match,Sharad Vesawkar,6,3,1,0,200
Chitwan vs Karnali - 10th Match,Santosh Karki,,,,,
Chitwan vs Karnali - 10th Match,Rijan Dhakal,,,,,
Chitwan vs Karnali - 10th Match,Shikhar Dhawan,45,41,4,1,109.75
Chitwan vs Karnali - 10th Match,Dev Khanal,25,34,1,1,73.52
Chitwan vs Karnali - 10th Match,Chadwick Walton,30,19,0,3,157.89
Chitwan vs Karnali - 10th Match,Zeeshan Maqsood,12,15,1,0,80
Chitwan vs Karnali - 10th Match,Arjun Gharti,11,10,0,0,110
Chitwan vs Karnali - 10th Match,Gulsan Jha,0,0,0,0,-
Chitwan vs Karnali - 10th Match,William Bosisto,,,,,
Chitwan vs Karnali - 10th Match,Sompal Kami,,,,,
Chitwan vs Karnali - 10th Match,Nandan Yadav,,,,,
Chitwan vs Karnali - 10th Match,Bipin Sharma,,,,,
Chitwan vs Karnali - 10th Match,Unish Thakuri,,,,,
Lumbini vs Pokhara - 11th Match,Ashutosh Ghiraiya,0,3,0,0,0
Lumbini vs Pokhara - 11th Match,Unmukt Chand,0,4,0,0,0
Lumbini vs Pokhara - 11th Match,Rohit Paudel,95,59,10,4,161.01
Lumbini vs Pokhara - 11th Match,Sundeep Jora,18,15,2,1,120
Lumbini vs Pokhara - 11th Match,Tom Moores,45,38,2,2,118.42
Lumbini vs Pokhara - 11th Match,Bibek Yadav,2,1,0,0,200
Lumbini vs Pokhara - 11th Match,Dinesh Adhikari,,,,,
Lumbini vs Pokhara - 11th Match,Saad Bin Zafar,,,,,
Lumbini vs Pokhara - 11th Match,Ramon Simmonds,,,,,
Lumbini vs Pokhara - 11th Match,Durgesh Gupta,,,,,
Lumbini vs Pokhara - 11th Match,Surya Tamang,,,,,
Lumbini vs Pokhara - 11th Match,Dinesh Kharel,61,46,4,4,132.6
Lumbini vs Pokhara - 11th Match,Andries Gous,104,55,12,5,189.09
Lumbini vs Pokhara - 11th Match,Kushal Bhurtel,,,,,
Lumbini vs Pokhara - 11th Match,Dilip Nath,,,,,
Lumbini vs Pokhara - 11th Match,Matt Critchley,,,,,
Lumbini vs Pokhara - 11th Match,Raymon Reifer,,,,,
Lumbini vs Pokhara - 11th Match,Michael Leask,,,,,
Lumbini vs Pokhara - 11th Match,Narayan Joshi,,,,,
Lumbini vs Pokhara - 11th Match,Bipin Khatri,,,,,
Lumbini vs Pokhara - 11th Match,Aakash Chand,,,,,
Lumbini vs Pokhara - 11th Match,Sagar Dhakal,,,,,
S Paschim vs Lumbini - 12th Match,Saif Zaib,90,61,6,5,147.54
S Paschim vs Lumbini - 12th Match,Binod Bhandari,17,13,2,0,130.76
S Paschim vs Lumbini - 12th Match,Brandon McMullen,23,20,1,1,115
S Paschim vs Lumbini - 12th Match,Dipendra Singh Airee,39,19,4,2,205.26
S Paschim vs Lumbini - 12th Match,Aarif Sheikh,0,1,0,0,0
S Paschim vs Lumbini - 12th Match,Scott Kuggeleijn,11,6,0,1,183.33
S Paschim vs Lumbini - 12th Match,Basant Khatri,,,,,
S Paschim vs Lumbini - 12th Match,Ishan Pandey,,,,,
S Paschim vs Lumbini - 12th Match,Naren Saud,,,,,
S Paschim vs Lumbini - 12th Match,Abinash Bohara,,,,,
S Paschim vs Lumbini - 12th Match,Naresh Budayair,,,,,
S Paschim vs Lumbini - 12th Match,Arjun Saud,0,1,0,0,0
S Paschim vs Lumbini - 12th Match,Unmukt Chand,4,4,1,0,100
S Paschim vs Lumbini - 12th Match,Rohit Paudel,5,6,1,0,83.33
S Paschim vs Lumbini - 12th Match,Sundeep Jora,20,26,0,1,76.92
S Paschim vs Lumbini - 12th Match,Tom Moores,7,7,0,1,100
S Paschim vs Lumbini - 12th Match,Saad Bin Zafar,0,1,0,0,0
S Paschim vs Lumbini - 12th Match,Bibek Yadav,77,54,3,7,142.59
S Paschim vs Lumbini - 12th Match,Dinesh Adhikari,14,16,2,0,87.5
S Paschim vs Lumbini - 12th Match,Ramon Simmonds,0,1,0,0,0
S Paschim vs Lumbini - 12th Match,Surya Tamang,7,5,1,0,140
S Paschim vs Lumbini - 12th Match,Durgesh Gupta,0,1,0,0,0
Karnali vs Biratnagar - 13th Match,Shikhar Dhawan,5,5,1,0,100
Karnali vs Biratnagar - 13th Match,Dev Khanal,53,48,4,2,110.41
Karnali vs Biratnagar - 13th Match,Chadwick Walton,1,5,0,0,20
Karnali vs Biratnagar - 13th Match,William Bosisto,66,49,5,3,134.69
Karnali vs Biratnagar - 13th Match,Gulsan Jha,0,1,0,0,0
Karnali vs Biratnagar - 13th Match,Arjun Gharti,1,4,0,0,25
Karnali vs Biratnagar - 13th Match,Zeeshan Maqsood,2,3,0,0,66.66
Karnali vs Biratnagar - 13th Match,Sompal Kami,0,0,0,0,-
Karnali vs Biratnagar - 13th Match,Nandan Yadav,0,3,0,0,0
Karnali vs Biratnagar - 13th Match,Unish Thakuri,0,1,0,0,0
Karnali vs Biratnagar - 13th Match,Bipin Sharma,0,1,0,0,0
Karnali vs Biratnagar - 13th Match,Lokesh Bam,19,9,1,2,211.11
Karnali vs Biratnagar - 13th Match,Martin Guptill,4,4,1,0,100
Karnali vs Biratnagar - 13th Match,Aqib Ilyas,8,14,2,0,57.14
Karnali vs Biratnagar - 13th Match,Naren Bhatta,7,16,0,0,43.75
Karnali vs Biratnagar - 13th Match,Nicholas Kirton,40,39,4,1,102.56
Karnali vs Biratnagar - 13th Match,Basir Ahamad,8,10,1,0,80
Karnali vs Biratnagar - 13th Match,Dipak Bohara,18,13,0,1,138.46
Karnali vs Biratnagar - 13th Match,Pratis GC,7,7,0,0,100
Karnali vs Biratnagar - 13th Match,Chris Sole,0,3,0,0,0
Karnali vs Biratnagar - 13th Match,Sandeep Lamichhane,6,5,0,0,120
Karnali vs Biratnagar - 13th Match,Subash Bhandari,,,,,
Janakpur vs Lumbini - 14th Match,Anil Sah,45,39,1,4,115.38
Janakpur vs Lumbini - 14th Match,Aasif Sheikh,16,10,2,1,160
Janakpur vs Lumbini - 14th Match,Lahiru Milantha,24,23,2,0,104.34
Janakpur vs Lumbini - 14th Match,Harsh Thaker,1,3,0,0,33.33
Janakpur vs Lumbini - 14th Match,James Neesham,1,2,0,0,50
Janakpur vs Lumbini - 14th Match,Shubh Kansakar,22,24,0,2,91.66
Janakpur vs Lumbini - 14th Match,Mohammad Mohsin,3,5,0,0,60
Janakpur vs Lumbini - 14th Match,Sher Malla,0,2,0,0,0
Janakpur vs Lumbini - 14th Match,Hemant Dhami,9,11,1,0,81.81
Janakpur vs Lumbini - 14th Match,Lalit Rajbanshi,0,1,0,0,0
Janakpur vs Lumbini - 14th Match,Kishore Mahato,,,,,
Janakpur vs Lumbini - 14th Match,Ashutosh Ghiraiya,8,14,1,0,57.14
Janakpur vs Lumbini - 14th Match,Arjun Saud,20,23,2,0,86.95
Janakpur vs Lumbini - 14th Match,Rohit Paudel,35,38,3,0,92.1
Janakpur vs Lumbini - 14th Match,Tom Moores,31,23,2,1,134.78
Janakpur vs Lumbini - 14th Match,Ben Cutting,3,7,0,0,42.85
Janakpur vs Lumbini - 14th Match,Bibek Yadav,0,2,0,0,0
Janakpur vs Lumbini - 14th Match,Sundeep Jora,16,8,1,1,200
Janakpur vs Lumbini - 14th Match,Saad Bin Zafar,0,2,0,0,0
Janakpur vs Lumbini - 14th Match,Durgesh Gupta,5,3,1,0,166.66
Janakpur vs Lumbini - 14th Match,Abhishesh Gautam,,,,,
Janakpur vs Lumbini - 14th Match,Ramon Simmonds,,,,,
Chitwan vs S Paschim - 15th Match,Santosh Karki,9,7,1,0,128.57
Chitwan vs S Paschim - 15th Match,Hassan Eisakhil,65,52,6,3,125
Chitwan vs S Paschim - 15th Match,Bipin Rawal,17,20,2,0,85
Chitwan vs S Paschim - 15th Match,Kushal Malla,13,16,1,0,81.25
Chitwan vs S Paschim - 15th Match,Ravi Bopara,36,18,2,2,200
Chitwan vs S Paschim - 15th Match,Jan Nicol Loftie-Eaton,2,4,0,0,50
Chitwan vs S Paschim - 15th Match,Amar Routela,6,3,1,0,200
Chitwan vs S Paschim - 15th Match,Sohail Tanvir,,,,,
Chitwan vs S Paschim - 15th Match,Deepak Bohara,,,,,
Chitwan vs S Paschim - 15th Match,Ranjit Kumar,,,,,
Chitwan vs S Paschim - 15th Match,Rijan Dhakal,,,,,
Chitwan vs S Paschim - 15th Match,Saif Zaib,18,11,3,0,163.63
Chitwan vs S Paschim - 15th Match,Binod Bhandari,10,8,2,0,125
Chitwan vs S Paschim - 15th Match,Brandon McMullen,13,9,2,0,144.44
Chitwan vs S Paschim - 15th Match,Dilpreet Bajwa,12,16,1,0,75
Chitwan vs S Paschim - 15th Match,Aarif Sheikh,4,9,0,0,44.44
Chitwan vs S Paschim - 15th Match,Ishan Pandey,35,28,4,1,125
Chitwan vs S Paschim - 15th Match,Dipendra Singh Airee,1,2,0,0,50
Chitwan vs S Paschim - 15th Match,Naresh Budayair,5,10,0,0,50
Chitwan vs S Paschim - 15th Match,Scott Kuggeleijn,16,10,3,0,160
Chitwan vs S Paschim - 15th Match,Naren Saud,10,8,0,1,125
Chitwan vs S Paschim - 15th Match,Abinash Bohara,0,0,0,0,-
Lumbini vs Chitwan - 16th Match,Ashutosh Ghiraiya,1,7,0,0,14.28
Lumbini vs Chitwan - 16th Match,Arjun Saud,15,12,1,1,125
Lumbini vs Chitwan - 16th Match,Unmukt Chand,0,2,0,0,0
Lumbini vs Chitwan - 16th Match,Rohit Paudel,80,57,6,5,140.35
Lumbini vs Chitwan - 16th Match,Tom Moores,10,5,0,1,200
Lumbini vs Chitwan - 16th Match,Saad Bin Zafar,52,35,4,1,148.57
Lumbini vs Chitwan - 16th Match,Sundeep Jora,4,3,1,0,133.33
Lumbini vs Chitwan - 16th Match,Bibek Yadav,,,,,
Lumbini vs Chitwan - 16th Match,Durgesh Gupta,,,,,
Lumbini vs Chitwan - 16th Match,Abhishesh Gautam,,,,,
Lumbini vs Chitwan - 16th Match,Ramon Simmonds,,,,,
Lumbini vs Chitwan - 16th Match,Santosh Karki,10,8,2,0,125
Lumbini vs Chitwan - 16th Match,Bipin Rawal,5,9,0,0,55.55
Lumbini vs Chitwan - 16th Match,Sohail Tanvir,1,2,0,0,50
Lumbini vs Chitwan - 16th Match,Luc Benkenstein,31,29,3,1,106.89
Lumbini vs Chitwan - 16th Match,Ravi Bopara,12,16,0,0,75
Lumbini vs Chitwan - 16th Match,Kushal Malla,20,17,1,1,117.64
Lumbini vs Chitwan - 16th Match,Jan Nicol Loftie-Eaton,6,7,1,0,85.71
Lumbini vs Chitwan - 16th Match,Amar Routela,6,6,1,0,100
Lumbini vs Chitwan - 16th Match,Rijan Dhakal,15,14,1,0,107.14
Lumbini vs Chitwan - 16th Match,Nar Sarki,22,12,1,1,183.33
Lumbini vs Chitwan - 16th Match,Ranjit Kumar,,,,,
Pokhara vs Karnali - 17th Match,Dinesh Kharel,26,19,4,1,136.84
Pokhara vs Karnali - 17th Match,Andries Gous,25,12,4,1,208.33
Pokhara vs Karnali - 17th Match,Kushal Bhurtel,10,11,0,1,90.9
Pokhara vs Karnali - 17th Match,Raymon Reifer,20,26,0,0,76.92
Pokhara vs Karnali - 17th Match,Matt Critchley,0,9,0,0,0
Pokhara vs Karnali - 17th Match,Dilip Nath,3,5,0,0,60
Pokhara vs Karnali - 17th Match,Michael Leask,2,2,0,0,100
Pokhara vs Karnali - 17th Match,Narayan Joshi,1,2,0,0,50
Pokhara vs Karnali - 17th Match,Bipin Khatri,10,9,0,1,111.11
Pokhara vs Karnali - 17th Match,Aakash Chand,1,3,0,0,33.33
Pokhara vs Karnali - 17th Match,Sagar Dhakal,0,1,0,0,0
Pokhara vs Karnali - 17th Match,Dev Khanal,0,3,0,0,0
Pokhara vs Karnali - 17th Match,Babar Hayat,7,10,0,1,70
Pokhara vs Karnali - 17th Match,Chadwick Walton,42,34,6,1,123.52
Pokhara vs Karnali - 17th Match,Gulsan Jha,49,37,3,4,132.43
Pokhara vs Karnali - 17th Match,William Bosisto,2,6,0,0,33.33
Pokhara vs Karnali - 17th Match,Arjun Gharti,,,,,
Pokhara vs Karnali - 17th Match,Zeeshan Maqsood,,,,,
Pokhara vs Karnali - 17th Match,Sompal Kami,,,,,
Pokhara vs Karnali - 17th Match,Nandan Yadav,,,,,
Pokhara vs Karnali - 17th Match,Unish Thakuri,,,,,
Pokhara vs Karnali - 17th Match,Bipin Sharma,,,,,
S Paschim vs Janakpur - 18th Match,Saif Zaib,21,21,0,2,100
S Paschim vs Janakpur - 18th Match,Binod Bhandari,33,37,3,1,89.18
S Paschim vs Janakpur - 18th Match,Harmeet Singh,1,3,0,0,33.33
S Paschim vs Janakpur - 18th Match,Brandon McMullen,11,17,0,0,64.7
S Paschim vs Janakpur - 18th Match,Dipendra Singh Airee,0,3,0,0,0
S Paschim vs Janakpur - 18th Match,Ishan Pandey,17,14,1,1,121.42
S Paschim vs Janakpur - 18th Match,Aarif Sheikh,6,9,0,0,66.66
S Paschim vs Janakpur - 18th Match,Scott Kuggeleijn,7,3,0,1,233.33
S Paschim vs Janakpur - 18th Match,Naresh Budayair,9,6,1,0,150
S Paschim vs Janakpur - 18th Match,Naren Saud,3,4,0,0,75
S Paschim vs Janakpur - 18th Match,Abinash Bohara,2,3,0,0,66.66
S Paschim vs Janakpur - 18th Match,Anil Sah,0,7,0,0,0
S Paschim vs Janakpur - 18th Match,Aasif Sheikh,4,5,0,0,80
S Paschim vs Janakpur - 18th Match,Lahiru Milantha,7,7,1,0,100
S Paschim vs Janakpur - 18th Match,Harsh Thaker,5,2,1,0,250
S Paschim vs Janakpur - 18th Match,James Neesham,4,8,1,0,50
S Paschim vs Janakpur - 18th Match,Shubh Kansakar,0,3,0,0,0
S Paschim vs Janakpur - 18th Match,Joshua Tromp,13,13,1,1,100
S Paschim vs Janakpur - 18th Match,Arniko Yadav,1,4,0,0,25
S Paschim vs Janakpur - 18th Match,Sher Malla,0,4,0,0,0
S Paschim vs Janakpur - 18th Match,Lalit Rajbanshi,4,9,1,0,44.44
S Paschim vs Janakpur - 18th Match,Kishore Mahato,0,11,0,0,0
Kathmandu vs Lumbini - 19th Match,Stephen Eskinazi,13,16,2,0,81.25
Kathmandu vs Lumbini - 19th Match,Michael Levitt,0,2,0,0,0
Kathmandu vs Lumbini - 19th Match,Bhim Sharki,31,40,1,0,77.5
Kathmandu vs Lumbini - 19th Match,Gerhard Erasmus,1,4,0,0,25
Kathmandu vs Lumbini - 19th Match,Sumit Maharjan,4,4,1,0,100
Kathmandu vs Lumbini - 19th Match,Dan Douthwaite,21,24,0,2,87.5
Kathmandu vs Lumbini - 19th Match,Rashid Khan,1,2,0,0,50
Kathmandu vs Lumbini - 19th Match,Karan KC,1,5,0,0,20
Kathmandu vs Lumbini - 19th Match,Pratik Shrestha,20,14,0,2,142.85
Kathmandu vs Lumbini - 19th Match,Shahab Alam,8,5,0,1,160
Kathmandu vs Lumbini - 19th Match,Dipesh Kandel,0,0,0,0,-
Kathmandu vs Lumbini - 19th Match,Ashutosh Ghiraiya,4,12,0,0,33.33
Kathmandu vs Lumbini - 19th Match,Arjun Saud,3,10,0,0,30
Kathmandu vs Lumbini - 19th Match,Unmukt Chand,14,19,1,0,73.68
Kathmandu vs Lumbini - 19th Match,Tom Moores,6,5,1,0,120
Kathmandu vs Lumbini - 19th Match,Rohit Paudel,8,15,0,0,53.33
Kathmandu vs Lumbini - 19th Match,Sundeep Jora,26,29,2,0,89.65
Kathmandu vs Lumbini - 19th Match,Saad Bin Zafar,0,1,0,0,0
Kathmandu vs Lumbini - 19th Match,Bibek Yadav,2,8,0,0,25
Kathmandu vs Lumbini - 19th Match,Surya Tamang,11,14,1,0,78.57
Kathmandu vs Lumbini - 19th Match,Ramon Simmonds,0,2,0,0,0
Kathmandu vs Lumbini - 19th Match,Abhishesh Gautam,0,1,0,0,0
Biratnagar vs Pokhara - 20th match,Lokesh Bam,26,16,2,2,162.5
Biratnagar vs Pokhara - 20th match,Martin Guptill,5,14,0,0,35.71
Biratnagar vs Pokhara - 20th match,Naren Bhatta,4,11,0,0,36.36
Biratnagar vs Pokhara - 20th match,Scott Edwards,45,35,5,0,128.57
Biratnagar vs Pokhara - 20th match,Nicholas Kirton,19,16,0,1,118.75
Biratnagar vs Pokhara - 20th match,Basir Ahamad,21,20,0,1,105
Biratnagar vs Pokhara - 20th match,Chris Sole,7,5,0,1,140
Biratnagar vs Pokhara - 20th match,Dipak Bohara,4,2,1,0,200
Biratnagar vs Pokhara - 20th match,Pratis GC,4,1,1,0,400
Biratnagar vs Pokhara - 20th match,Sandeep Lamichhane,,,,,
Biratnagar vs Pokhara - 20th match,Anil Kharel,,,,,
Biratnagar vs Pokhara - 20th match,Dinesh Kharel,11,11,0,1,100
Biratnagar vs Pokhara - 20th match,Andries Gous,39,27,7,0,144.44
Biratnagar vs Pokhara - 20th match,Kushal Bhurtel,31,34,2,1,91.17
Biratnagar vs Pokhara - 20th match,Zen Malik,4,9,0,0,44.44
Biratnagar vs Pokhara - 20th match,Raymon Reifer,34,23,3,2,147.82
Biratnagar vs Pokhara - 20th match,Trit Raj Das,0,1,0,0,0
Biratnagar vs Pokhara - 20th match,Michael Leask,11,12,0,1,91.66
Biratnagar vs Pokhara - 20th match,Narayan Joshi,2,3,0,0,66.66
Biratnagar vs Pokhara - 20th match,Bipin Khatri,,,,,
Biratnagar vs Pokhara - 20th match,Kiran Thagunna,,,,,
Biratnagar vs Pokhara - 20th match,Sagar Dhakal,,,,,
Biratnagar vs Pokhara - 20th match,Raymon Reifer,17,5,1,2,340
Biratnagar vs Pokhara - 20th match,Andries Gous,1,1,0,0,100
Biratnagar vs Pokhara - 20th match,Martin Guptill,2,4,0,0,50
Biratnagar vs Pokhara - 20th match,Nicholas Kirton,2,3,0,0,66.66
Kathmandu vs Janakpur - 21st Match,Stephen Eskinazi,17,19,2,0,89.47
Kathmandu vs Janakpur - 21st Match,Michael Levitt,8,6,0,1,133.33
Kathmandu vs Janakpur - 21st Match,Bhim Sharki,4,11,1,0,36.36
Kathmandu vs Janakpur - 21st Match,Gerhard Erasmus,20,22,2,0,90.9
Kathmandu vs Janakpur - 21st Match,Sumit Maharjan,0,3,0,0,0
Kathmandu vs Janakpur - 21st Match,Rashid Khan,7,16,0,0,43.75
Kathmandu vs Janakpur - 21st Match,Dan Douthwaite,1,5,0,0,20
Kathmandu vs Janakpur - 21st Match,Pratik Shrestha,6,11,1,0,54.54
Kathmandu vs Janakpur - 21st Match,Karan KC,19,13,2,1,146.15
Kathmandu vs Janakpur - 21st Match,Shahab Alam,8,9,1,0,88.88
Kathmandu vs Janakpur - 21st Match,Dipesh Kandel,0,2,0,0,0
Kathmandu vs Janakpur - 21st Match,Lahiru Milantha,16,20,2,0,80
Kathmandu vs Janakpur - 21st Match,Aasif Sheikh,2,9,0,0,22.22
Kathmandu vs Janakpur - 21st Match,Anil Sah,11,10,1,0,110
Kathmandu vs Janakpur - 21st Match,Harsh Thaker,25,25,1,1,100
Kathmandu vs Janakpur - 21st Match,Shubh Kansakar,5,7,1,0,71.42
Kathmandu vs Janakpur - 21st Match,James Neesham,27,17,1,3,158.82
Kathmandu vs Janakpur - 21st Match,Mohammad Mohsin,13,7,3,0,185.71
Kathmandu vs Janakpur - 21st Match,Arniko Yadav,,,,,
Kathmandu vs Janakpur - 21st Match,Sher Malla,,,,,
Kathmandu vs Janakpur - 21st Match,Lalit Rajbanshi,,,,,
Kathmandu vs Janakpur - 21st Match,Kishore Mahato,,,,,
Karnali vs Lumbini - 22nd Match,Babar Hayat,20,22,1,1,90.9
Karnali vs Lumbini - 22nd Match,Dev Khanal,3,12,0,0,25
Karnali vs Lumbini - 22nd Match,Chadwick Walton,13,15,0,1,86.66
Karnali vs Lumbini - 22nd Match,Gulsan Jha,8,11,1,0,72.72
Karnali vs Lumbini - 22nd Match,William Bosisto,44,30,3,3,146.66
Karnali vs Lumbini - 22nd Match,Arjun Gharti,25,25,2,1,100
Karnali vs Lumbini - 22nd Match,Sompal Kami,7,3,0,1,233.33
Karnali vs Lumbini - 22nd Match,Zeeshan Maqsood,1,1,0,0,100
Karnali vs Lumbini - 22nd Match,Nandan Yadav,0,1,0,0,0
Karnali vs Lumbini - 22nd Match,Unish Thakuri,,,,,
Karnali vs Lumbini - 22nd Match,Bipin Sharma,,,,,
Karnali vs Lumbini - 22nd Match,Ashutosh Ghiraiya,16,21,2,0,76.19
Karnali vs Lumbini - 22nd Match,Arjun Saud,13,6,3,0,216.66
Karnali vs Lumbini - 22nd Match,Rohit Paudel,10,8,2,0,125
Karnali vs Lumbini - 22nd Match,Tom Moores,36,35,4,1,102.85
Karnali vs Lumbini - 22nd Match,Sundeep Jora,24,21,0,2,114.28
Karnali vs Lumbini - 22nd Match,Ben Cutting,1,6,0,0,16.66
Karnali vs Lumbini - 22nd Match,Saad Bin Zafar,16,11,1,0,145.45
Karnali vs Lumbini - 22nd Match,Tilak Bhandari,3,5,0,0,60
Karnali vs Lumbini - 22nd Match,Ramon Simmonds,4,7,0,0,57.14
Karnali vs Lumbini - 22nd Match,Bikash Aagri,,,,,
Karnali vs Lumbini - 22nd Match,Abhishesh Gautam,,,,,
Biratnagar vs Chitwan - 23rd Match,Lokesh Bam,0,2,0,0,0
Biratnagar vs Chitwan - 23rd Match,Martin Guptill,45,35,1,4,128.57
Biratnagar vs Chitwan - 23rd Match,Dipak Bohara,4,3,1,0,133.33
Biratnagar vs Chitwan - 23rd Match,Scott Edwards,0,4,0,0,0
Biratnagar vs Chitwan - 23rd Match,Nicholas Kirton,8,15,1,0,53.33
Biratnagar vs Chitwan - 23rd Match,Basir Ahamad,68,44,4,4,154.54
Biratnagar vs Chitwan - 23rd Match,Rajesh Pulami,33,20,1,3,165
Biratnagar vs Chitwan - 23rd Match,Chris Sole,,,,,
Biratnagar vs Chitwan - 23rd Match,Pratis GC,,,,,
Biratnagar vs Chitwan - 23rd Match,Sandeep Lamichhane,,,,,
Biratnagar vs Chitwan - 23rd Match,Subash Bhandari,,,,,
Biratnagar vs Chitwan - 23rd Match,Santosh Karki,28,25,3,1,112
Biratnagar vs Chitwan - 23rd Match,Hassan Eisakhil,5,6,1,0,83.33
Biratnagar vs Chitwan - 23rd Match,Ravi Bopara,20,24,2,0,83.33
Biratnagar vs Chitwan - 23rd Match,Kushal Malla,25,25,2,1,100
Biratnagar vs Chitwan - 23rd Match,Basil Hameed,1,3,0,0,33.33
Biratnagar vs Chitwan - 23rd Match,Amar Routela,42,29,3,2,144.82
Biratnagar vs Chitwan - 23rd Match,Deepak Bohara,2,6,0,0,33.33
Biratnagar vs Chitwan - 23rd Match,Sohail Tanvir,1,2,0,0,50
Biratnagar vs Chitwan - 23rd Match,Rijan Dhakal,,,,,
Biratnagar vs Chitwan - 23rd Match,Bipin Rawal,,,,,
Biratnagar vs Chitwan - 23rd Match,Ranjit Kumar,,,,,
Pokhara vs Kathmandu - 24th Match,Dinesh Kharel,38,25,6,1,152
Pokhara vs Kathmandu - 24th Match,Andries Gous,0,5,0,0,0
Pokhara vs Kathmandu - 24th Match,Kushal Bhurtel,7,10,1,0,70
Pokhara vs Kathmandu - 24th Match,Dilip Nath,27,24,0,2,112.5
Pokhara vs Kathmandu - 24th Match,Aakarshit Gomel,8,15,0,0,53.33
Pokhara vs Kathmandu - 24th Match,Raymon Reifer,41,30,1,3,136.66
Pokhara vs Kathmandu - 24th Match,Michael Leask,1,2,0,0,50
Pokhara vs Kathmandu - 24th Match,Narayan Joshi,0,1,0,0,0
Pokhara vs Kathmandu - 24th Match,Bipin Khatri,4,6,0,0,66.66
Pokhara vs Kathmandu - 24th Match,Sagar Dhakal,1,2,0,0,50
Pokhara vs Kathmandu - 24th Match,Aakash Chand,,,,,
Pokhara vs Kathmandu - 24th Match,Stephen Eskinazi,60,34,10,0,176.47
Pokhara vs Kathmandu - 24th Match,Michael Levitt,32,18,6,1,177.77
Pokhara vs Kathmandu - 24th Match,Bhim Sharki,22,20,1,1,110
Pokhara vs Kathmandu - 24th Match,Gerhard Erasmus,25,10,1,3,250
Pokhara vs Kathmandu - 24th Match,Karan KC,1,3,0,0,33.33
Pokhara vs Kathmandu - 24th Match,Rashid Khan,1,1,0,0,100
Pokhara vs Kathmandu - 24th Match,Raju Rijal,,,,,
Pokhara vs Kathmandu - 24th Match,Nathan Sowter,,,,,
Pokhara vs Kathmandu - 24th Match,Pratik Shrestha,,,,,
Pokhara vs Kathmandu - 24th Match,Shahab Alam,,,,,
Pokhara vs Kathmandu - 24th Match,Dipesh Kandel,,,,,
Chitwan vs Janakpur - 25th Match,Hassan Eisakhil,28,19,4,1,147.36
Chitwan vs Janakpur - 25th Match,Bipin Rawal,3,10,0,0,30
Chitwan vs Janakpur - 25th Match,Santosh Karki,14,12,0,1,116.66
Chitwan vs Janakpur - 25th Match,Kushal Malla,72,41,3,7,175.6
Chitwan vs Janakpur - 25th Match,Ravi Bopara,44,32,5,1,137.5
Chitwan vs Janakpur - 25th Match,Basil Hameed,2,3,0,0,66.66
Chitwan vs Janakpur - 25th Match,Sohail Tanvir,5,3,1,0,166.66
Chitwan vs Janakpur - 25th Match,Amar Routela,,,,,
Chitwan vs Janakpur - 25th Match,Rijan Dhakal,,,,,
Chitwan vs Janakpur - 25th Match,Deepak Bohara,,,,,
Chitwan vs Janakpur - 25th Match,Ranjit Kumar,,,,,
Chitwan vs Janakpur - 25th Match,Anil Sah,8,6,2,0,133.33
Chitwan vs Janakpur - 25th Match,Aasif Sheikh,23,26,4,0,88.46
Chitwan vs Janakpur - 25th Match,Lahiru Milantha,1,4,0,0,25
Chitwan vs Janakpur - 25th Match,Harsh Thaker,6,6,1,0,100
Chitwan vs Janakpur - 25th Match,Shubh Kansakar,15,12,2,1,125
Chitwan vs Janakpur - 25th Match,James Neesham,65,24,5,6,270.83
Chitwan vs Janakpur - 25th Match,Mohammad Mohsin,13,12,2,0,108.33
Chitwan vs Janakpur - 25th Match,Arniko Yadav,0,0,0,0,-
Chitwan vs Janakpur - 25th Match,Sher Malla,5,8,0,0,62.5
Chitwan vs Janakpur - 25th Match,Lalit Rajbanshi,0,4,0,0,0
Chitwan vs Janakpur - 25th Match,Kishore Mahato,4,8,0,0,50
Biratnagar vs Kathmandu - 26th Match,Lokesh Bam,8,9,1,0,88.88
Biratnagar vs Kathmandu - 26th Match,Dipak Bohara,20,24,2,0,83.33
Biratnagar vs Kathmandu - 26th Match,Nicholas Kirton,12,10,2,0,120
Biratnagar vs Kathmandu - 26th Match,Scott Edwards,15,14,1,0,107.14
Biratnagar vs Kathmandu - 26th Match,Basir Ahamad,13,13,0,1,100
Biratnagar vs Kathmandu - 26th Match,Ismat Alam,5,13,0,0,38.46
Biratnagar vs Kathmandu - 26th Match,Rajesh Pulami,25,21,1,1,119.04
Biratnagar vs Kathmandu - 26th Match,Chris Sole,1,3,0,0,33.33
Biratnagar vs Kathmandu - 26th Match,Sandeep Lamichhane,0,2,0,0,0
Biratnagar vs Kathmandu - 26th Match,Subash Bhandari,6,10,0,0,60
Biratnagar vs Kathmandu - 26th Match,Anil Kharel,0,1,0,0,0
Biratnagar vs Kathmandu - 26th Match,Stephen Eskinazi,1,3,0,0,33.33
Biratnagar vs Kathmandu - 26th Match,Michael Levitt,10,6,2,0,166.66
Biratnagar vs Kathmandu - 26th Match,Gerhard Erasmus,12,7,3,0,171.42
Biratnagar vs Kathmandu - 26th Match,Bhim Sharki,1,5,0,0,20
Biratnagar vs Kathmandu - 26th Match,Pratik Shrestha,39,34,2,2,114.7
Biratnagar vs Kathmandu - 26th Match,Dan Douthwaite,1,5,0,0,20
Biratnagar vs Kathmandu - 26th Match,Rashid Khan,14,15,1,1,93.33
Biratnagar vs Kathmandu - 26th Match,Shankar Rana,16,20,1,0,80
Biratnagar vs Kathmandu - 26th Match,Karan KC,0,1,0,0,0
Biratnagar vs Kathmandu - 26th Match,Shahab Alam,2,8,0,0,25
Biratnagar vs Kathmandu - 26th Match,Dipesh Kandel,11,5,1,1,220
S Paschim vs Pokhara - 27th Match,Saif Zaib,9,8,1,0,112.5
S Paschim vs Pokhara - 27th Match,Binod Bhandari,14,16,1,1,87.5
S Paschim vs Pokhara - 27th Match,Brandon McMullen,23,16,1,2,143.75
S Paschim vs Pokhara - 27th Match,Harmeet Singh,13,10,0,1,130
S Paschim vs Pokhara - 27th Match,Aarif Sheikh,42,38,2,1,110.52
S Paschim vs Pokhara - 27th Match,Dipendra Singh Airee,20,16,0,1,125
S Paschim vs Pokhara - 27th Match,Ishan Pandey,10,11,1,0,90.9
S Paschim vs Pokhara - 27th Match,Scott Kuggeleijn,2,3,0,0,66.66
S Paschim vs Pokhara - 27th Match,Naresh Budayair,6,3,1,0,200
S Paschim vs Pokhara - 27th Match,Naren Saud,,,,,
S Paschim vs Pokhara - 27th Match,Abinash Bohara,,,,,
S Paschim vs Pokhara - 27th Match,Dinesh Kharel,15,12,3,0,125
S Paschim vs Pokhara - 27th Match,Andries Gous,36,21,4,2,171.42
S Paschim vs Pokhara - 27th Match,Kushal Bhurtel,0,3,0,0,0
S Paschim vs Pokhara - 27th Match,Dilip Nath,1,4,0,0,25
S Paschim vs Pokhara - 27th Match,Zen Malik,10,15,0,0,66.66
S Paschim vs Pokhara - 27th Match,Raymon Reifer,33,28,2,2,117.85
S Paschim vs Pokhara - 27th Match,Kiran Thagunna,32,28,3,1,114.28
S Paschim vs Pokhara - 27th Match,Michael Leask,5,4,1,0,125
S Paschim vs Pokhara - 27th Match,Sudip Aryal,0,0,0,0,-
S Paschim vs Pokhara - 27th Match,Sagar Dhakal,1,1,0,0,100
S Paschim vs Pokhara - 27th Match,Bipin Khatri,0,2,0,0,0
Karnali vs S Paschim - 28th Match,Babar Hayat,13,9,3,0,144.44
Karnali vs S Paschim - 28th Match,Rit Gautam,0,3,0,0,0
Karnali vs S Paschim - 28th Match,Chadwick Walton,11,16,1,0,68.75
Karnali vs S Paschim - 28th Match,Dev Khanal,7,12,1,0,58.33
Karnali vs S Paschim - 28th Match,William Bosisto,16,24,1,0,66.66
Karnali vs S Paschim - 28th Match,Zeeshan Maqsood,30,35,4,0,85.71
Karnali vs S Paschim - 28th Match,Gulsan Jha,2,2,0,0,100
Karnali vs S Paschim - 28th Match,Sompal Kami,11,9,2,0,122.22
Karnali vs S Paschim - 28th Match,Arjun Gharti,3,5,0,0,60
Karnali vs S Paschim - 28th Match,Nandan Yadav,0,3,0,0,0
Karnali vs S Paschim - 28th Match,Bipin Sharma,0,2,0,0,0
Karnali vs S Paschim - 28th Match,Saif Zaib,11,13,2,0,84.61
Karnali vs S Paschim - 28th Match,Binod Bhandari,4,5,1,0,80
Karnali vs S Paschim - 28th Match,Brandon McMullen,3,6,0,0,50
Karnali vs S Paschim - 28th Match,Ishan Pandey,38,36,4,0,105.55
Karnali vs S Paschim - 28th Match,Dipendra Singh Airee,38,29,4,1,131.03
Karnali vs S Paschim - 28th Match,Aarif Sheikh,4,3,1,0,133.33
Karnali vs S Paschim - 28th Match,Harmeet Singh,,,,,
Karnali vs S Paschim - 28th Match,Scott Kuggeleijn,,,,,
Karnali vs S Paschim - 28th Match,Naresh Budayair,,,,,
Karnali vs S Paschim - 28th Match,Naren Saud,,,,,
Karnali vs S Paschim - 28th Match,Abinash Bohara,,,,,
Karnali vs Chitwan - Eliminator,Jaykishan Kolsawala,53,39,6,2,135.89
Karnali vs Chitwan - Eliminator,Rit Gautam,0,1,0,0,0
Karnali vs Chitwan - Eliminator,Zeeshan Maqsood,14,12,1,1,116.66
Karnali vs Chitwan - Eliminator,William Bosisto,52,39,3,2,133.33
Karnali vs Chitwan - Eliminator,Gulsan Jha,0,3,0,0,0
Karnali vs Chitwan - Eliminator,Chadwick Walton,46,23,4,3,200
Karnali vs Chitwan - Eliminator,Dev Khanal,3,3,0,0,100
Karnali vs Chitwan - Eliminator,Sompal Kami,0,1,0,0,0
Karnali vs Chitwan - Eliminator,Arjun Gharti,,,,,
Karnali vs Chitwan - Eliminator,Nandan Yadav,,,,,
Karnali vs Chitwan - Eliminator,Bipin Sharma,,,,,
Karnali vs Chitwan - Eliminator,Hassan Eisakhil,1,2,0,0,50
Karnali vs Chitwan - Eliminator,Bipin Rawal,18,10,4,0,180
Karnali vs Chitwan - Eliminator,Luc Benkenstein,16,13,1,1,123.07
Karnali vs Chitwan - Eliminator,Kushal Malla,21,24,0,1,87.5
Karnali vs Chitwan - Eliminator,Ravi Bopara,53,34,3,4,155.88
Karnali vs Chitwan - Eliminator,Santosh Karki,8,15,0,0,53.33
Karnali vs Chitwan - Eliminator,Sohail Tanvir,4,3,1,0,133.33
Karnali vs Chitwan - Eliminator,Amar Routela,9,5,0,1,180
Karnali vs Chitwan - Eliminator,Sharad Vesawkar,10,10,1,0,100
Karnali vs Chitwan - Eliminator,Rijan Dhakal,7,4,1,0,175
Karnali vs Chitwan - Eliminator,Ranjit Kumar,0,0,0,0,-
Janakpur vs S Paschim - Qualifier 1,Lahiru Milantha,12,14,2,0,85.71
Janakpur vs S Paschim - Qualifier 1,Aasif Sheikh,11,10,2,0,110
Janakpur vs S Paschim - Qualifier 1,Shubh Kansakar,26,24,4,0,108.33
Janakpur vs S Paschim - Qualifier 1,Harsh Thaker,12,14,1,0,85.71
Janakpur vs S Paschim - Qualifier 1,Arniko Yadav,11,20,0,0,55
Janakpur vs S Paschim - Qualifier 1,James Neesham,45,23,3,3,195.65
Janakpur vs S Paschim - Qualifier 1,Mohammad Mohsin,3,6,0,0,50
Janakpur vs S Paschim - Qualifier 1,Aakash Tripathi,4,4,0,0,100
Janakpur vs S Paschim - Qualifier 1,Sher Malla,3,3,0,0,100
Janakpur vs S Paschim - Qualifier 1,Kishore Mahato,2,2,0,0,100
Janakpur vs S Paschim - Qualifier 1,Lalit Rajbanshi,,,,,
Janakpur vs S Paschim - Qualifier 1,Saif Zaib,32,21,3,2,152.38
Janakpur vs S Paschim - Qualifier 1,Binod Bhandari,58,55,3,3,105.45
Janakpur vs S Paschim - Qualifier 1,Brandon McMullen,25,19,1,1,131.57
Janakpur vs S Paschim - Qualifier 1,Dipendra Singh Airee,20,16,1,1,125
Janakpur vs S Paschim - Qualifier 1,Ishan Pandey,,,,,
Janakpur vs S Paschim - Qualifier 1,Aarif Sheikh,,,,,
Janakpur vs S Paschim - Qualifier 1,Harmeet Singh,,,,,
Janakpur vs S Paschim - Qualifier 1,Scott Kuggeleijn,,,,,
Janakpur vs S Paschim - Qualifier 1,Naresh Budayair,,,,,
Janakpur vs S Paschim - Qualifier 1,Naren Saud,,,,,
Janakpur vs S Paschim - Qualifier 1,Abinash Bohara,,,,,
Karnali vs Janakpur - Qualifier 2,Dev Khanal,24,20,3,1,120
Karnali vs Janakpur - Qualifier 2,Jaykishan Kolsawala,1,4,0,0,25
Karnali vs Janakpur - Qualifier 2,Zeeshan Maqsood,12,11,2,0,109.09
Karnali vs Janakpur - Qualifier 2,William Bosisto,14,15,1,0,93.33
Karnali vs Janakpur - Qualifier 2,Chadwick Walton,11,13,1,0,84.61
Karnali vs Janakpur - Qualifier 2,Gulsan Jha,25,20,1,2,125
Karnali vs Janakpur - Qualifier 2,Arjun Gharti,2,3,0,0,66.66
Karnali vs Janakpur - Qualifier 2,Sompal Kami,5,8,0,0,62.5
Karnali vs Janakpur - Qualifier 2,Nandan Yadav,4,9,0,0,44.44
Karnali vs Janakpur - Qualifier 2,Unish Thakuri,12,17,2,0,70.58
Karnali vs Janakpur - Qualifier 2,Bipin Sharma,,,,,
Karnali vs Janakpur - Qualifier 2,Shubh Kansakar,3,6,0,0,50
Karnali vs Janakpur - Qualifier 2,Aasif Sheikh,4,6,0,0,66.66
Karnali vs Janakpur - Qualifier 2,Lahiru Milantha,2,9,0,0,22.22
Karnali vs Janakpur - Qualifier 2,Aakash Tripathi,13,20,1,0,65
Karnali vs Janakpur - Qualifier 2,Harsh Thaker,17,26,2,0,65.38
Karnali vs Janakpur - Qualifier 2,James Neesham,45,17,2,5,264.7
Karnali vs Janakpur - Qualifier 2,Mayan Yadav,14,18,0,0,77.77
Karnali vs Janakpur - Qualifier 2,Mohammad Mohsin,1,2,0,0,50
Karnali vs Janakpur - Qualifier 2,Sher Malla,16,10,0,1,160
Karnali vs Janakpur - Qualifier 2,Kishore Mahato,0,0,0,0,-
Karnali vs Janakpur - Qualifier 2,Lalit Rajbanshi,,,,,
S Paschim vs Janakpur - Final,Saif Zaib,69,43,8,2,160.46
S Paschim vs Janakpur - Final,Binod Bhandari,41,31,1,3,132.25
S Paschim vs Janakpur - Final,Brandon McMullen,14,12,0,1,116.66
S Paschim vs Janakpur - Final,Harmeet Singh,14,8,0,1,175
S Paschim vs Janakpur - Final,Dipendra Singh Airee,9,7,0,0,128.57
S Paschim vs Janakpur - Final,Scott Kuggeleijn,13,10,2,0,130
S Paschim vs Janakpur - Final,Aarif Sheikh,1,3,0,0,33.33
S Paschim vs Janakpur - Final,Ishan Pandey,6,2,1,0,300
S Paschim vs Janakpur - Final,Naresh Budayair,8,3,0,1,266.66
S Paschim vs Janakpur - Final,Naren Saud,1,1,0,0,100
S Paschim vs Janakpur - Final,Abinash Bohara,,,,,
S Paschim vs Janakpur - Final,Lahiru Milantha,87,49,9,4,177.55
S Paschim vs Janakpur - Final,Aasif Sheikh,33,19,4,2,173.68
S Paschim vs Janakpur - Final,Mohammad Mohsin,9,8,0,1,112.5
S Paschim vs Janakpur - Final,Harsh Thaker,30,24,0,2,125
S Paschim vs Janakpur - Final,James Neesham,4,7,0,0,57.14
S Paschim vs Janakpur - Final,Aakash Tripathi,2,6,0,0,33.33
S Paschim vs Janakpur - Final,Mayan Yadav,2,3,0,0,66.66
S Paschim vs Janakpur - Final,Shubh Kansakar,,,,,
S Paschim vs Janakpur - Final,Sher Malla,,,,,
S Paschim vs Janakpur - Final,Kishore Mahato,,,,,
S Paschim vs Janakpur - Final,Lalit Rajbanshi,,,,,